{"train_accuracy":0.9375,"_timestamp":1.736711604729322e+09,"_runtime":72.026802689,"_step":4689,"_wandb":{"runtime":72},"train_loss":0.1409473568201065}